id,Revenue
3001,29883129.29
3002,6941472.209
3003,7331757.569
3004,34490292.49
3005,2910468.068
3006,15838555.75
3007,3553734.86
3008,104871138.5
3009,53063796.06
3010,353205490
3011,1702139.652
3012,4653048.933
3013,35539490.03
3014,1300380.32
3015,32196884.01
3016,3127228.891
3017,92583669.14
3018,148895017.6
3019,17744367.43
3020,914124800.6
3021,82803710.71
3022,105925251.7
3023,2650330.928
3024,60527609.42
3025,6318713.386
3026,129606386.9
3027,14778799.77
3028,159958581.7
3029,851774.031
3030,73801949.76
3031,13206995.28
3032,7658251.102
3033,3094366.076
3034,347109.127
3035,21605676.48
3036,28171551.42
3037,103543420.6
3038,55230221.03
3039,41970497.3
3040,8613545.285
3041,37498143.05
3042,4119501.161
3043,51167497.63
3044,11740392.42
3045,461879713.8
3046,7162095.137
3047,33367251.92
3048,42436049.94
3049,50678957.57
3050,24283246.32
3051,3255802.952
3052,31303215.54
3053,1371924.45
3054,7476194.112
3055,71267831.22
3056,1817138.997
3057,101591255.1
3058,505941359.7
3059,1396428.479
3060,82937315.71
3061,78430956.39
3062,83344559.6
3063,72941340.91
3064,81428773.96
3065,28380558.24
3066,123847639.3
3067,4432394.763
3068,39886217.41
3069,310460377.6
3070,5115470.09
3071,15874309.9
3072,674353587.4
3073,6535904.205
3074,770150.033
3075,112087881.5
3076,219525016
3077,29780989.58
3078,76168303.42
3079,101280851.9
3080,131056278.1
3081,16478730.83
3082,6548068.556
3083,18888325.06
3084,2204458.544
3085,34413506.95
3086,87205715.13
3087,2099735.66
3088,2494699.496
3089,1414894.8
3090,45111928.82
3091,49048574.55
3092,8524810.322
3093,254965329
3094,167933886.6
3095,53997629.05
3096,4394331.136
3097,984374791.3
3098,23450125.88
3099,56308508.77
3100,12895696.94
3101,10831344.12
3102,12512468.36
3103,5297964.482
3104,1987712.856
3105,111574444.7
3106,71143425.74
3107,52277953.2
3108,42228655.03
3109,19052399.83
3110,409245075
3111,21801720.35
3112,6274141.111
3113,35531730.61
3114,69195646.56
3115,43366364.5
3116,17079477.75
3117,5932956.291
3118,16336984.48
3119,245119042.3
3120,195569061.4
3121,7094206.355
3122,14120179.33
3123,17282102.81
3124,28354674.13
3125,901942.748
3126,54832721.21
3127,7346060.891
3128,47396145.39
3129,349848811.7
3130,20157330.12
3131,3332214.27
3132,17213715.56
3133,6341164.537
3134,20233321.75
3135,5151937.364
3136,6758229.632
3137,215783671.3
3138,1436956.497
3139,44265189.29
3140,85357203.95
3141,13172987.57
3142,2264087.088
3143,132657514.5
3144,24231422
3145,17613472.9
3146,5232374.425
3147,39867182.51
3148,6400089.654
3149,61489204.59
3150,75733679.85
3151,16191193.59
3152,31545666.05
3153,16724530.1
3154,24143686.49
3155,51263863.81
3156,26535926.87
3157,17665473.75
3158,211035911.5
3159,27917906.31
3160,6744679.492
3161,1004131.97
3162,18608342.4
3163,43698257.1
3164,9228575.103
3165,3631227.51
3166,3369092.433
3167,95443346.37
3168,2569396.783
3169,56579526.91
3170,24888142.53
3171,19916930.73
3172,39314122.24
3173,1292043.367
3174,5000503.669
3175,15423333.79
3176,46992763.19
3177,86355925.55
3178,9882311.08
3179,5483314.831
3180,16825198
3181,3281539.74
3182,281773134.8
3183,25889978.31
3184,36956391.21
3185,63808312.61
3186,59628561.9
3187,31706281.34
3188,28677912.86
3189,135849132.6
3190,41723226.46
3191,39305876.9
3192,20672876.96
3193,255158568.1
3194,129363589.5
3195,664517.687
3196,6171455.469
3197,30855993.29
3198,123146819.2
3199,269983816.1
3200,20668548.64
3201,24947031.94
3202,11109055.5
3203,734405.263
3204,4680815.376
3205,8960356.33
3206,34066771.93
3207,67976866.72
3208,14728448.88
3209,11154052.44
3210,453701874.6
3211,3600314.516
3212,45672752.88
3213,185846468
3214,13285167.96
3215,9855136.831
3216,80514593.34
3217,361157495.3
3218,27861585.07
3219,7477161.715
3220,193556320
3221,16530165.13
3222,4240732.023
3223,20603281.11
3224,4721411.545
3225,8651883.032
3226,21234197.03
3227,90079917
3228,119614969.9
3229,200181773.3
3230,36443395.76
3231,35420646.03
3232,33511997.43
3233,11811387.55
3234,5458456.912
3235,18346927.65
3236,618174.835
3237,33465939.14
3238,17929785.47
3239,748019.386
3240,348444181.5
3241,1959737.794
3242,13317079.6
3243,11711196.23
3244,4858747.964
3245,22507709.63
3246,41382596.78
3247,15587830.31
3248,72145547.29
3249,35409818.56
3250,374108432.8
3251,3561036.164
3252,33764396.39
3253,58124991.39
3254,7429428.41
3255,1096964.969
3256,76083250.64
3257,51040783.55
3258,50906590.26
3259,60931968.58
3260,7625618.498
3261,565347843.5
3262,65908730.45
3263,2797620.646
3264,1792759.197
3265,840681.033
3266,1432132.422
3267,72225716.61
3268,271649.954
3269,42927802.89
3270,82669130.02
3271,13842994.59
3272,25176324.8
3273,27574471.93
3274,482256687.9
3275,30549989.73
3276,5155584.689
3277,27258356.15
3278,107161476.2
3279,25618370.91
3280,263315643.3
3281,1328929.697
3282,10827091.69
3283,433776504.3
3284,40894567.98
3285,93351205.03
3286,6657973.03
3287,7058629.736
3288,30566478.27
3289,72839373.8
3290,155887455.9
3291,38804410.36
3292,289613390.4
3293,105592030.5
3294,31909536.32
3295,15883868.06
3296,9189713.456
3297,17135680.16
3298,111269992.1
3299,5116317.068
3300,37677495.9
3301,1114669.496
3302,14902811.15
3303,14783138.61
3304,12016962.45
3305,51715725.24
3306,3047130.877
3307,63411003.3
3308,15991842.43
3309,6601550.896
3310,11716310.05
3311,21895418.34
3312,9795954.964
3313,108993971.9
3314,23544906.04
3315,131643614.8
3316,28101670.42
3317,14864833.03
3318,2391700.342
3319,8789469.184
3320,27439028
3321,12346767.42
3322,7190002.38
3323,220285233.9
3324,17456384.62
3325,136623180.6
3326,217322642.8
3327,72813225.66
3328,16889260.63
3329,23409114.71
3330,145035724.6
3331,12579566.22
3332,63831006.72
3333,308426126.9
3334,6371299.07
3335,80722797.21
3336,30908150.25
3337,1606189.442
3338,23084395.72
3339,5183706.633
3340,107001566.1
3341,14398110.96
3342,69389439.04
3343,67521874.65
3344,3597009.33
3345,7067864.386
3346,49414081.27
3347,1328124.288
3348,27588686.81
3349,99621731.83
3350,174070460.6
3351,83946677.34
3352,12969211.59
3353,121251931.4
3354,26391758.02
3355,4873272.295
3356,32762037.24
3357,2071495.614
3358,16630112.35
3359,44405316.61
3360,10075754.23
3361,197558113.8
3362,13578259.55
3363,35535393.47
3364,29452940.28
3365,1804603.073
3366,105983205.3
3367,152411860.9
3368,3335676.433
3369,136689719.7
3370,108132397
3371,70739576.95
3372,87871730.41
3373,67361525.26
3374,19286512.05
3375,98806402.15
3376,28751754.15
3377,12563974.3
3378,24056592.2
3379,321283034.8
3380,73907313.69
3381,9137162.442
3382,7148882.25
3383,5173159.391
3384,35985290.19
3385,104079230.1
3386,15176402.42
3387,13298892.22
3388,169477170.3
3389,912857324.9
3390,8316348.311
3391,19888540.42
3392,63651036.15
3393,36876025.67
3394,195390659.9
3395,132919576.9
3396,14241134.22
3397,2603141.315
3398,340784689.9
3399,99420239.23
3400,20328602.45
3401,7085847.668
3402,3583066.156
3403,175895547.2
3404,20453360.25
3405,27382351.03
3406,198424646.4
3407,214358249.2
3408,82404299.66
3409,16276207.05
3410,49542773.93
3411,114493568
3412,21496893.15
3413,24142441.83
3414,2644753.89
3415,11386735.2
3416,65815933.32
3417,81560947.79
3418,91176771.6
3419,268204162.6
3420,10014668.51
3421,24808387.61
3422,6647697.924
3423,472109536.2
3424,5061970.347
3425,7835967.534
3426,18558525.25
3427,32465234.11
3428,4206147.977
3429,25018732.82
3430,789901212.2
3431,8938876.4
3432,21363108.13
3433,24159501.81
3434,10903007
3435,287045670.5
3436,210945787.2
3437,7199649.872
3438,44965617.38
3439,214317849.1
3440,109351460.7
3441,141283893.7
3442,971402.75
3443,11226705.94
3444,3486970.865
3445,108877221.2
3446,2055200.215
3447,4692329.891
3448,54328952.59
3449,15268941.02
3450,104559676.7
3451,67275183.96
3452,66912997.54
3453,90271016.89
3454,39514084.79
3455,25036708.17
3456,129269214.9
3457,37573960.84
3458,30132741.69
3459,708965016.4
3460,76532239.38
3461,33068708.18
3462,34973510.15
3463,60427929.64
3464,1198986.155
3465,60799223.54
3466,66611662.44
3467,17589674.03
3468,94221572.93
3469,17817719.46
3470,1388181.448
3471,52722894.57
3472,4826096.663
3473,120611631.7
3474,79283648.46
3475,359811976.3
3476,10797371.85
3477,69934533.29
3478,6922292.465
3479,239965277.5
3480,23178683.4
3481,3974725.591
3482,3990217.759
3483,3047945.61
3484,6653429.982
3485,90317778.32
3486,178697935.8
3487,106316300.6
3488,153197248.2
3489,13333178.76
3490,53148884.41
3491,29892230.3
3492,37302270.38
3493,80125886.12
3494,13095346.23
3495,91770285.62
3496,15974148.75
3497,88248984.57
3498,12523360.74
3499,19030155.5
3500,2117618.216
3501,99245180.19
3502,56120395.4
3503,50989982.65
3504,106050925.3
3505,9434336.461
3506,101468469.1
3507,264143987.3
3508,12217775.28
3509,11388865.49
3510,35595684.41
3511,29803355.01
3512,139881976.5
3513,17840422.13
3514,28683196.69
3515,6610747.823
3516,6095686.459
3517,797540185.4
3518,39795097.96
3519,21276525.02
3520,3093370.672
3521,3281798.412
3522,61630690.85
3523,22122468.21
3524,66934924.01
3525,229579223.3
3526,51150817.32
3527,51158326.89
3528,19387117.51
3529,611343944.9
3530,35748707.01
3531,114533416.3
3532,54325855.6
3533,64842152.05
3534,27079625.03
3535,256862683.5
3536,42647734.64
3537,117882323.4
3538,62401587.05
3539,69778238.56
3540,54035674.36
3541,21966173.26
3542,23731772.5
3543,2422250.242
3544,29368867.5
3545,4791151.571
3546,6676297.864
3547,245996846.4
3548,416707737
3549,1912926.687
3550,298908382.9
3551,101995192.5
3552,72569627.35
3553,87917420.93
3554,153679439.2
3555,167267533.8
3556,67994006.02
3557,33560397.88
3558,152074729.3
3559,110933510.2
3560,8776999.732
3561,117977765.6
3562,17621706.74
3563,11604178.05
3564,4473406.596
3565,13835724.25
3566,119419563.8
3567,16539827.3
3568,3131889.35
3569,155945010.8
3570,2701234.617
3571,75354034.42
3572,163713697.5
3573,10451146.33
3574,47159712.17
3575,60921958.84
3576,30778950.47
3577,15820817.83
3578,102746107.8
3579,28299356.91
3580,45568974.49
3581,81811289.07
3582,127194664.4
3583,2587271.088
3584,20365187.93
3585,74760051.36
3586,32653765.44
3587,57031207.52
3588,9879217.019
3589,23061092.42
3590,52471923.49
3591,355548139.4
3592,4015242.561
3593,12675740.81
3594,9755180.107
3595,28446631.05
3596,43150049.49
3597,8203949.541
3598,67334049.36
3599,30042767.57
3600,7757486.077
3601,1838684.977
3602,3216492.188
3603,23342807.06
3604,7158041.656
3605,32137597.39
3606,54597673.1
3607,24611874.07
3608,135059746.2
3609,1514076.735
3610,36535661.15
3611,1816025.612
3612,41799098.48
3613,16899571.03
3614,135659356.6
3615,49976683.97
3616,24485536.17
3617,20246111.79
3618,104419335.9
3619,1501406.877
3620,116282435.4
3621,302084129.4
3622,506996622.7
3623,141823846.7
3624,2200287.491
3625,2066575.877
3626,52544564.53
3627,37295689.17
3628,409737147.1
3629,13128039.93
3630,1975343.017
3631,136302758.5
3632,22830809.72
3633,63741423.16
3634,1313175.718
3635,19014775.02
3636,23690317.4
3637,4077171.979
3638,43035017.86
3639,117698175.6
3640,442919606.5
3641,10862698.59
3642,13073636
3643,13044920.34
3644,24983643.31
3645,66033050.1
3646,33970568.49
3647,68761041.17
3648,13850916
3649,23658313.79
3650,88355585.16
3651,439467806.9
3652,16982650.11
3653,200030304.3
3654,6457836.757
3655,26216066.88
3656,14306861.78
3657,2766009.04
3658,7686169.947
3659,94866778.97
3660,374376016.1
3661,19233105.19
3662,51140401.76
3663,420578228.2
3664,1214942.213
3665,6887460.85
3666,17601760.21
3667,139022074.4
3668,65209720.32
3669,5474516.471
3670,23410086.33
3671,29476120.73
3672,35815733.39
3673,187483566.3
3674,20622796.91
3675,321453535.7
3676,85391489.34
3677,7835049.747
3678,59632585.93
3679,21236352.09
3680,19885672.43
3681,20566960.42
3682,177533820.7
3683,4517093.662
3684,80038046.4
3685,145854498.4
3686,14805622.66
3687,136865984.5
3688,2296398.209
3689,10561018.46
3690,88179034.73
3691,15937458.43
3692,1353696.048
3693,98903515.08
3694,122329867.5
3695,75123700.66
3696,30977978.12
3697,58999172.98
3698,56940241.37
3699,21421779.31
3700,23172407.97
3701,30184989.83
3702,1433488.583
3703,113188184.8
3704,71607374.11
3705,6951889.684
3706,99413706.78
3707,6865458.615
3708,25715557.94
3709,280356202.9
3710,18172505.37
3711,2438965.585
3712,23419538.25
3713,38829357.64
3714,6798811.542
3715,25707661.28
3716,7169275.457
3717,2983278.963
3718,4926880.3
3719,37928513.75
3720,14767250.05
3721,4716290.778
3722,71851327.28
3723,23123214.96
3724,52788860.7
3725,53177927.4
3726,13831192.24
3727,86268697.22
3728,110350411.5
3729,13172010.88
3730,78754574.92
3731,168864278.6
3732,2775910.131
3733,199653263.7
3734,311926527.5
3735,18129962.13
3736,48288413.99
3737,18989157.01
3738,2273452.889
3739,13549435.45
3740,28011245.35
3741,9198054.97
3742,61891434.23
3743,26766207.97
3744,114982095.2
3745,59739755.83
3746,174069973
3747,13873966.72
3748,15571136.17
3749,11042532.18
3750,1336772.207
3751,29249795.32
3752,4156184.93
3753,32585372.51
3754,74865160.32
3755,69599096.29
3756,21211960.14
3757,233633573.3
3758,140073950.9
3759,2785162.468
3760,227044555.6
3761,55029087.59
3762,216285543.5
3763,12273220.82
3764,52138107.8
3765,4128454.419
3766,13948684.62
3767,18062688.64
3768,16875148.06
3769,3365160.155
3770,11527967.89
3771,33680444.69
3772,22979653.57
3773,67068975.36
3774,9319587.41
3775,198004111.3
3776,112363622.7
3777,5792558.376
3778,1806002.358
3779,19265833.32
3780,27228620.02
3781,26795527.99
3782,1461306.885
3783,26455045.96
3784,7616543.235
3785,306827783.4
3786,40107721.57
3787,203839960.6
3788,488543687.3
3789,25338817.16
3790,2705194.651
3791,17264248.07
3792,620084.999
3793,55902822.6
3794,6743752.714
3795,475267908.7
3796,30244783.65
3797,34725833.04
3798,51079164.83
3799,10391648.28
3800,2941784.266
3801,80114085.13
3802,4647660.867
3803,18821133.85
3804,2443333.892
3805,2596307.936
3806,132579800
3807,9019280.076
3808,3482074.819
3809,44612046
3810,19641016.38
3811,20804334.92
3812,9739496.378
3813,2793462.348
3814,12381559.75
3815,135356411.8
3816,104250878
3817,189367543.9
3818,109660903.4
3819,74864361.66
3820,114188538.8
3821,147386155.8
3822,20849003.26
3823,13000890.99
3824,6276744.63
3825,47784036.95
3826,75162349.87
3827,38530266.17
3828,75547511.87
3829,494184.064
3830,53754150.98
3831,740980.14
3832,194624914.3
3833,26357907.26
3834,19998297.02
3835,3190491.505
3836,7997436.694
3837,38590589.37
3838,141897696.7
3839,10904762.03
3840,28681535.71
3841,8490453.845
3842,20385249.73
3843,66858116.87
3844,6073627.733
3845,941170.466
3846,2951440.103
3847,21699126.5
3848,11008433.12
3849,89969194.85
3850,44116006.62
3851,56542705.9
3852,22127145.48
3853,118330409.8
3854,1653421.551
3855,7340917.04
3856,15728408.4
3857,680574985.4
3858,2244689.942
3859,25425107.84
3860,36231489.11
3861,48766343.48
3862,20695996.74
3863,114734970.8
3864,154241274.5
3865,71914242.45
3866,14733871.08
3867,86214253.7
3868,33680226.88
3869,71088106.18
3870,142459605.8
3871,713305247.5
3872,26593790.51
3873,29104485.93
3874,6005400.342
3875,59023173.74
3876,1098942.032
3877,100350414.7
3878,130727557.7
3879,465459092.3
3880,18756330.58
3881,397947.043
3882,4076263.102
3883,4303583.246
3884,457374093.9
3885,16904428.34
3886,46409793.16
3887,22446310.49
3888,15250194.84
3889,115086988.9
3890,97780531.37
3891,9477552.678
3892,21278022.88
3893,496446093.6
3894,95475365.25
3895,58361203.01
3896,40828621.36
3897,18212033.21
3898,33547842.55
3899,650345485.2
3900,112376721.1
3901,7665198.056
3902,1361087.818
3903,12738934.18
3904,21896833.86
3905,18988048.75
3906,123806435.3
3907,6955422.87
3908,4444696.97
3909,3160072.963
3910,20461767.44
3911,1533676.936
3912,11382254.06
3913,81712052.29
3914,24178815.94
3915,261345915.9
3916,1632832.283
3917,9929101.28
3918,5382361.104
3919,82057945.11
3920,19877201.65
3921,4256238.447
3922,11044005.46
3923,50258962.68
3924,34210443.81
3925,253115294.6
3926,9395469.808
3927,86809446.66
3928,94643730.17
3929,43231154.73
3930,17119599.36
3931,48280525.74
3932,26021802.89
3933,25127897.71
3934,94111014.06
3935,229512.768
3936,2595677.231
3937,277478334.8
3938,9706595.251
3939,48185087.57
3940,5259105.417
3941,26240852.86
3942,213355180.3
3943,704626162
3944,11628385.87
3945,81687651.07
3946,2843675.131
3947,60518023.3
3948,23500279.5
3949,7105200.646
3950,2794994.499
3951,10115554.65
3952,62838602.6
3953,63400204.65
3954,391813861
3955,28136823.97
3956,97012695
3957,29439201.08
3958,10854325.08
3959,13024956.15
3960,6957891.323
3961,88889298.01
3962,17851967.29
3963,30622777.79
3964,771199932.2
3965,121481196.3
3966,79671873.88
3967,349952769
3968,66095253.88
3969,6067927.588
3970,15238948.48
3971,20422197.8
3972,29205596.56
3973,73574298.2
3974,1838260.352
3975,145387585.2
3976,93149257.16
3977,137740137.2
3978,175889730.3
3979,2774443.589
3980,22607779.01
3981,9154109.525
3982,9578094.344
3983,29455451.32
3984,223133059.1
3985,11298119.36
3986,904194845.5
3987,31952956.92
3988,29759183.95
3989,73600263.04
3990,39541326.41
3991,1594570.193
3992,2576114.305
3993,34201160.74
3994,51505068.51
3995,25063843.52
3996,74689748.19
3997,39907109.16
3998,111730620.3
3999,13078839.87
4000,211691224.8
4001,14012896.61
4002,190880752.4
4003,4280991.987
4004,68695366.23
4005,1523129.98
4006,30813700.45
4007,2461649.024
4008,7627687.552
4009,22043097.97
4010,5542685.534
4011,31639357.53
4012,211548558.6
4013,66238216.69
4014,14255541.59
4015,77076054.91
4016,56043466.1
4017,50008884.42
4018,100004160.5
4019,408314891.9
4020,6894953.742
4021,101539664.4
4022,9396433.457
4023,110968261.7
4024,37236696.1
4025,468997.885
4026,72421711.07
4027,96446106.48
4028,11162543.66
4029,281191.08
4030,19928754.6
4031,132510223.4
4032,2290176.522
4033,4532663.372
4034,3642843.904
4035,72941597.83
4036,3135290.461
4037,24335063.83
4038,10342198.98
4039,23815508.93
4040,20009943.8
4041,10841540.86
4042,66793159.63
4043,11568599.49
4044,95834274.15
4045,217880185.7
4046,10621113.13
4047,388507395.2
4048,16101924.58
4049,733598.787
4050,12169871.55
4051,466384852.5
4052,23135192.31
4053,4845671.992
4054,3151052.066
4055,21086560.36
4056,28881251.57
4057,1155976.189
4058,87740926.27
4059,7741549.685
4060,144178683.4
4061,141449147.7
4062,60160429.57
4063,24290783.26
4064,344163189.3
4065,96064014.57
4066,5363632.784
4067,33693771.72
4068,18948043.37
4069,36670967.91
4070,48109123.79
4071,43018550.16
4072,11244516.66
4073,175495818.9
4074,20606563.96
4075,18941240.47
4076,33944290.16
4077,262655090.4
4078,17106926.21
4079,114325081
4080,5149245.62
4081,10379019.99
4082,271149354.2
4083,45382425.11
4084,1337954.936
4085,45732700.86
4086,122261229.5
4087,13134333.84
4088,68659625.36
4089,30588888.91
4090,9775990.198
4091,106132669.2
4092,42328264.04
4093,42941946.1
4094,3860245.067
4095,179542866.4
4096,15968926.64
4097,40401987.84
4098,18034519.11
4099,4880386.209
4100,105004640.9
4101,26723728.46
4102,71465478.31
4103,44541919.65
4104,9789906.031
4105,1244959.853
4106,6657107.741
4107,4941064.818
4108,18644101.54
4109,3080962.768
4110,31229624.49
4111,3984531.084
4112,36382441.7
4113,12579475.64
4114,320006949.1
4115,11693459
4116,40184319.88
4117,11515463.67
4118,73773824.29
4119,32806265.24
4120,3124285.53
4121,10439518.92
4122,174886451.9
4123,13082920.68
4124,60938457.25
4125,35631599.97
4126,20125815.3
4127,6700534.664
4128,21439558.21
4129,3004991.316
4130,6725282.891
4131,123174761.3
4132,120984993.8
4133,24491561.33
4134,19296065.28
4135,23412507.08
4136,483424541.1
4137,8114822.604
4138,22499056.63
4139,17484005.1
4140,8537706.821
4141,21432395.33
4142,63074951.37
4143,56382898.7
4144,3352406.291
4145,69872369.81
4146,5387268.059
4147,2234771.871
4148,44801102.38
4149,18068087.48
4150,1873550.705
4151,1493243.246
4152,67799971.4
4153,45168342.63
4154,12807849.01
4155,34948497.69
4156,21542996.42
4157,13269190.68
4158,32233366.22
4159,97579941.67
4160,404341448.3
4161,13160204.58
4162,35965378.93
4163,86101296.96
4164,28434392.51
4165,9444735.388
4166,6964816.627
4167,163455471.5
4168,19290692.38
4169,8087960.447
4170,12671129.82
4171,198717789
4172,93315196.99
4173,16305528.6
4174,29645267.66
4175,9898345.773
4176,34899571.95
4177,501918.048
4178,463779196.4
4179,9585448.793
4180,92112387.46
4181,59586907.45
4182,27976441.18
4183,60711592.86
4184,33398389.89
4185,10159857.09
4186,14225721.19
4187,25089748.41
4188,23861101.67
4189,1959950.355
4190,534645.677
4191,3714855.075
4192,379874.336
4193,261761340
4194,147038798.2
4195,19124486.29
4196,34399129.15
4197,32421023.53
4198,563141.59
4199,10104983.77
4200,90831638.57
4201,76127010.29
4202,160149220.9
4203,20921178.15
4204,83926660.82
4205,5633056.69
4206,74320519.42
4207,398140355.4
4208,611617331.5
4209,38920568.48
4210,95763382.73
4211,47855769.64
4212,432356632.1
4213,5115243.2
4214,59785064.96
4215,6271786.694
4216,3401986.797
4217,10865781.6
4218,37158777.12
4219,17147994.62
4220,53640324.19
4221,420543.165
4222,28356332.68
4223,108640688.8
4224,14138146.68
4225,32491221.76
4226,27123441.79
4227,23310802.35
4228,1548724.999
4229,79975183.65
4230,36472171.24
4231,4673099.556
4232,32295475.43
4233,67720157.14
4234,86285829.56
4235,8687227.298
4236,24057373.3
4237,13854600.8
4238,70177521.8
4239,119961859.9
4240,319730885
4241,132166691.3
4242,11043979.09
4243,2931996.952
4244,84875409.53
4245,8909179.601
4246,9363097.259
4247,53764628.37
4248,19798133.79
4249,22773255.09
4250,59789911.71
4251,1959565.063
4252,150085414.5
4253,106000505.1
4254,52957022.1
4255,58407330.45
4256,367416446.7
4257,157661509
4258,35575874.56
4259,902507.797
4260,149481322
4261,22331931.41
4262,5386030.197
4263,9909445.836
4264,390179640.8
4265,50239376.45
4266,16955302.43
4267,33677234.3
4268,20459361.24
4269,21451800.25
4270,531931165.7
4271,46363530.22
4272,2097006.681
4273,54108200.77
4274,42704614.12
4275,32189036.21
4276,23693402.8
4277,63735839.37
4278,34965377.89
4279,153533920.7
4280,4301342.546
4281,3301213.125
4282,62175143.76
4283,1637730.869
4284,41991216.6
4285,278886.719
4286,568732979.6
4287,40880688.25
4288,49656553.71
4289,79817644.94
4290,209449623.9
4291,19467828.56
4292,3485059.066
4293,21633108.14
4294,133070966.9
4295,109750815.3
4296,61954379.07
4297,56536650.48
4298,2656081.332
4299,39829207.64
4300,116955429.8
4301,12715998.04
4302,13640353.38
4303,13937522.75
4304,48172246.42
4305,47657266.79
4306,48106182.17
4307,1486297.912
4308,1780265.134
4309,44641577.26
4310,1847659.819
4311,4183161.355
4312,63346585.37
4313,272647522.4
4314,15711943.53
4315,142541593.4
4316,237079268.4
4317,2190135.675
4318,41409167.46
4319,2767530.389
4320,17550565.97
4321,54726067.48
4322,4155233.398
4323,34046143.15
4324,15751236.98
4325,14721522.56
4326,20194379.98
4327,110630008.6
4328,21459984.7
4329,3462098.745
4330,806148167.5
4331,102044115.6
4332,64714534.41
4333,5340837.354
4334,85162492.9
4335,104607039.5
4336,64033185.17
4337,1537891.207
4338,230373193.3
4339,142136598
4340,18534086.87
4341,18876335.3
4342,26077007.09
4343,24648039.28
4344,4313458.252
4345,3920184.573
4346,51778701.41
4347,91789135.85
4348,931859.056
4349,216845730.2
4350,17398271.27
4351,349220023.9
4352,8637744.556
4353,130379502.2
4354,42487792.81
4355,46627421.51
4356,14734953.55
4357,165180886.9
4358,19894259.44
4359,99169395.33
4360,48695090.89
4361,103660492.5
4362,8591740.768
4363,49859239.85
4364,121521021.2
4365,8611428.953
4366,46022807.35
4367,39277536.23
4368,305411169.6
4369,49678813.42
4370,97020239.67
4371,148776605.5
4372,21979703.04
4373,29543459.51
4374,32208139.83
4375,5321893.045
4376,268860.293
4377,26893158.93
4378,96649870.08
4379,141514831.5
4380,60957671.71
4381,100553811.9
4382,324997720
4383,226777926
4384,52325814.29
4385,966786.41
4386,124501508.5
4387,81291532.2
4388,65800420.1
4389,265012848
4390,12467552.33
4391,3876946.948
4392,138114784.5
4393,58618085.08
4394,33669793.15
4395,8830529.044
4396,79195165.52
4397,20942136.29
4398,167307967.4
4399,8973418.929
4400,7594861.353
4401,30398129.06
4402,16668359.31
4403,48500534.39
4404,51899456.57
4405,65942367.81
4406,5047947.064
4407,6750207.611
4408,9008089.359
4409,2508811.745
4410,8979069.064
4411,4496461.306
4412,98233189.11
4413,39699964.55
4414,1893292.756
4415,22913928.39
4416,1918312.451
4417,190300221.8
4418,2390977.712
4419,13611922.93
4420,369371838.4
4421,5782280.338
4422,15583366.57
4423,5544421.149
4424,18883444.15
4425,61628426.1
4426,75318427.93
4427,73611800.95
4428,6287372.812
4429,3820417.791
4430,1048655.461
4431,23103645.02
4432,186731464.5
4433,232963863.7
4434,381669595.2
4435,23948524.47
4436,69169905.78
4437,10927045.98
4438,6532157.277
4439,18914338.14
4440,12135126
4441,39732994.71
4442,3385782.969
4443,2132299.338
4444,15164015.36
4445,6899308.296
4446,12118393.83
4447,95907325.46
4448,41749329.78
4449,8312743.156
4450,155163630.2
4451,512330280.2
4452,28699548.76
4453,10388971.35
4454,648764.314
4455,5364325.146
4456,70953239.45
4457,5897140.675
4458,8812469.69
4459,29902697.95
4460,20448531.6
4461,173555076.5
4462,56902096.56
4463,7856257.974
4464,86703741.9
4465,31582994.42
4466,1673303.19
4467,17487722.96
4468,9787166.12
4469,58979426.52
4470,36945471.46
4471,2576009.333
4472,136674078.2
4473,33686869.39
4474,9955692.002
4475,5254141.074
4476,2963190.956
4477,52490451.35
4478,6166461.708
4479,4508873.199
4480,104433061.9
4481,13616772.01
4482,6179487.538
4483,9376547.432
4484,3982606.677
4485,73484453.25
4486,90231219.41
4487,15678055.33
4488,101658989.6
4489,76708241.68
4490,15515342.83
4491,167246847.1
4492,20495090.11
4493,15794537.43
4494,25024181.55
4495,41960858.41
4496,35195277.42
4497,22981429.02
4498,59216494.94
4499,1047066.329
4500,95888030.65
4501,101821564.4
4502,19286401.66
4503,488676296.2
4504,11423123.78
4505,6829790.31
4506,86071664.36
4507,13702873.33
4508,11290158.46
4509,4981743.57
4510,10584310.49
4511,179467517.7
4512,10732847
4513,94051261.09
4514,21180561.31
4515,312101762.2
4516,14552066.96
4517,16209493.09
4518,278442220.6
4519,91941259.78
4520,13299192.97
4521,33862759.1
4522,44936300.82
4523,89103560.48
4524,5294772.941
4525,9409669.582
4526,14734469.05
4527,37384364.15
4528,16140804.75
4529,5226131.164
4530,33301300.69
4531,9452785.483
4532,16146824.03
4533,34310802.55
4534,7384449.502
4535,106750336.2
4536,23767718.26
4537,15110281.39
4538,40512907.12
4539,2115068.911
4540,110022308.7
4541,12662429.21
4542,105116095.7
4543,172079857.1
4544,2644504.351
4545,5483673.046
4546,1985929.413
4547,3291463.843
4548,9841733.512
4549,2405210.798
4550,20314304.34
4551,837190370.4
4552,84695204.97
4553,22557062.67
4554,477078386.8
4555,1024284.151
4556,44181557.38
4557,11485227.65
4558,32383671.65
4559,136430612.7
4560,72377380.64
4561,84712907.93
4562,2350165.813
4563,274102704.6
4564,1259117.168
4565,3925521.84
4566,73424506.4
4567,70252674.01
4568,8822136.608
4569,26172692.68
4570,25982371.13
4571,5849094.844
4572,28439347.24
4573,24731906.59
4574,2191206.642
4575,6266594.39
4576,19996863.83
4577,23285271.47
4578,49564444.7
4579,23103126.77
4580,68149465
4581,8679087.679
4582,75609348.22
4583,203239346.6
4584,12450143.8
4585,180212115.2
4586,13899866.76
4587,13750737.98
4588,165582901.3
4589,16366441.44
4590,1041700637
4591,65000815.86
4592,2382754.372
4593,1497476.537
4594,44842624.41
4595,342674251.9
4596,333116440.6
4597,17261093.29
4598,141774448.7
4599,16479938.77
4600,3510578.302
4601,87901867.46
4602,41807365.37
4603,39694902.06
4604,23548184.8
4605,282898874.5
4606,234885387
4607,27660708.35
4608,16717521.35
4609,45095513.5
4610,134820925.7
4611,68417553.05
4612,32275361.17
4613,46519009.35
4614,46745520.76
4615,15872281.18
4616,1643678.253
4617,73163236.91
4618,7814081.231
4619,15322656.91
4620,11866092.44
4621,270645369.5
4622,4050248.712
4623,55394200.28
4624,4060883.07
4625,32632529.67
4626,17961719.12
4627,21050742.37
4628,6636630.656
4629,3117586.311
4630,13641165.49
4631,18331432.68
4632,13861287.94
4633,5090144.423
4634,4124294.663
4635,3960686.465
4636,144200986.9
4637,7807445.406
4638,24902970.83
4639,1417264.838
4640,75118424.02
4641,28051395.15
4642,16157881.09
4643,66226504.51
4644,12879479.87
4645,4851891.311
4646,863171469.5
4647,4195637.648
4648,8618754.308
4649,114778398.8
4650,55220112.48
4651,55811158.99
4652,569794184.9
4653,677946.066
4654,111339201.9
4655,111234228.3
4656,19984734.54
4657,65926007.39
4658,22293441.34
4659,28865097.34
4660,7302997.305
4661,27199244.46
4662,28855877.9
4663,15206052.58
4664,11454208.85
4665,29459110.22
4666,48400519.22
4667,232856438
4668,2317615.544
4669,25749875.05
4670,73844775.38
4671,8421289.034
4672,5723841.384
4673,16355549.62
4674,10329016.36
4675,22148563.84
4676,3293704.838
4677,250897.087
4678,5453944.929
4679,3123667.089
4680,3486201.67
4681,50242848.42
4682,8966320.519
4683,3778278.877
4684,4045609.011
4685,35106922.56
4686,2020808.078
4687,57429348.44
4688,164655795.6
4689,10830277.16
4690,13135228.87
4691,49154960.32
4692,27406384.31
4693,10265113.63
4694,18998422.78
4695,66399176.64
4696,8142991.564
4697,85479792.46
4698,16890382.23
4699,16130369.25
4700,161562676.7
4701,222281820.8
4702,20105590.56
4703,21282621.72
4704,101179810.8
4705,60423874.46
4706,149660154.4
4707,5306700.2
4708,36053862.97
4709,1100958.942
4710,232501347.2
4711,19622752.42
4712,3525839.365
4713,244376661.2
4714,18221394.95
4715,1726654.794
4716,6656394.24
4717,37848645.3
4718,28359566.82
4719,131685902
4720,11371766.36
4721,7052832.056
4722,57263474
4723,15223871.18
4724,144908838
4725,19322920.22
4726,7912226.19
4727,15153190.84
4728,35615792.41
4729,123321464.3
4730,1054930.186
4731,40566274.3
4732,450062629.8
4733,6096893.051
4734,267156973.3
4735,48491070.21
4736,11980520.41
4737,48222503.84
4738,7163690.758
4739,91173911.43
4740,575806956.6
4741,8493244.522
4742,121825321.2
4743,1942438.034
4744,2586797.909
4745,382779358.4
4746,69574235.96
4747,35991917.15
4748,102363129.5
4749,5646280.316
4750,37747134.36
4751,128903963.3
4752,8719185.902
4753,12284617.43
4754,592396572.5
4755,18942213.78
4756,75920293.98
4757,190223428.6
4758,102316793.4
4759,375971574.6
4760,690685.706
4761,23942979.53
4762,11091553.7
4763,4154311.043
4764,355089534.9
4765,60394682.37
4766,188298081.9
4767,72637491.4
4768,144853380.2
4769,38273236.41
4770,89361852.86
4771,254975792.5
4772,23660161.14
4773,34837348.88
4774,18065867.2
4775,5563407.64
4776,3561695.151
4777,242420508.4
4778,97140421.98
4779,29200231.43
4780,219824183.1
4781,2898940.353
4782,147356251.1
4783,20388518.59
4784,19481372.28
4785,38300423.22
4786,57063969.56
4787,74042307.6
4788,140806641.3
4789,12599463.04
4790,74575278.32
4791,30390149.14
4792,15493495.59
4793,18326973.39
4794,5313940.238
4795,32545621.17
4796,15789101.84
4797,741411403.5
4798,72601360.93
4799,43310485.71
4800,58814556.99
4801,1894347.983
4802,34942120.08
4803,2915468.368
4804,16724005.56
4805,1623292.342
4806,5920897.506
4807,1960681.07
4808,5946622.136
4809,100145179.7
4810,1603732.352
4811,10180580.29
4812,132796847.1
4813,91995474.9
4814,3041931.489
4815,29093179.77
4816,47690453.73
4817,13644217.16
4818,16978084.83
4819,16061926.63
4820,36027636.18
4821,1510029.609
4822,3259884.121
4823,7744656.252
4824,68564125.52
4825,134931857.2
4826,19239412.64
4827,84989593.74
4828,23739853.18
4829,33007691.23
4830,62338025.49
4831,36339742.82
4832,36781284.47
4833,10725660.88
4834,13110809.33
4835,81001347.87
4836,9157448.254
4837,259580323.5
4838,48345236.96
4839,353839.472
4840,565767299.3
4841,616937.86
4842,144035264.7
4843,139527393.6
4844,9305909.863
4845,25225941.2
4846,12969661.8
4847,533729881.9
4848,39071631.78
4849,211805368.2
4850,14768289.97
4851,858159.071
4852,16144624.34
4853,95768942.11
4854,20132205.17
4855,92065747.73
4856,6311144.001
4857,24606187.04
4858,82566116.56
4859,9851610.688
4860,448173607.7
4861,168815457.5
4862,149445111.1
4863,199828318.3
4864,93977426.91
4865,38674146.35
4866,5591520.351
4867,138853071.1
4868,14191232.93
4869,3768427.253
4870,26983243.87
4871,56127027.38
4872,28673355.81
4873,14569845.71
4874,106066452.1
4875,50000163.57
4876,30094111.18
4877,48279300.72
4878,83518551.22
4879,46585171.29
4880,9518348.756
4881,9620110.721
4882,17092652.49
4883,65025807.76
4884,138299959.2
4885,15070868.07
4886,26421433.63
4887,1799441.34
4888,24288862.83
4889,1016444.494
4890,112109636.1
4891,3778771.281
4892,6657240.764
4893,90011996.5
4894,13623937.01
4895,20966448.69
4896,154017541
4897,8580499.894
4898,147877097.7
4899,96537668.15
4900,160827640.6
4901,67630966.1
4902,2258519.774
4903,19185129.45
4904,261298033.7
4905,38850992.57
4906,1281203.146
4907,887777860.9
4908,59603006.6
4909,79108666.31
4910,65045170.41
4911,47081208.76
4912,56071441.46
4913,32642227.48
4914,108659593.8
4915,73565249.02
4916,20489845.07
4917,13526667.19
4918,182845634
4919,54476454.49
4920,39211694.17
4921,86312926.33
4922,12300436.29
4923,22714639.04
4924,72832201.01
4925,127705455.2
4926,14961900.03
4927,39548648.08
4928,20843692.72
4929,66259331.46
4930,18077324.15
4931,12284565.61
4932,7826155.418
4933,124364031.3
4934,6538641.037
4935,526738343.6
4936,18787435.58
4937,5198943.13
4938,10530448.89
4939,3662725.041
4940,26328696.71
4941,190650897
4942,892757.424
4943,36884818.44
4944,105619262
4945,3243400.431
4946,25301822.49
4947,1272843.216
4948,6166764.975
4949,51683786.02
4950,52988483.42
4951,52712408.53
4952,32930931.47
4953,136980773.3
4954,50222045.83
4955,7367772.105
4956,6453239.882
4957,47847290.8
4958,26588893.26
4959,24235252.49
4960,18482080.08
4961,166496962.4
4962,16698666.15
4963,143114499.3
4964,18825466.39
4965,2043823.429
4966,11754535.62
4967,74336127.56
4968,22829360.66
4969,1315382.98
4970,6271258.863
4971,74674851.11
4972,35060138.02
4973,12434164.15
4974,110077393.2
4975,29522585.29
4976,3047152.065
4977,86748520.61
4978,2876316.489
4979,18911835.48
4980,50417413.88
4981,17589109.27
4982,140824948.3
4983,719060.708
4984,54064069
4985,281687357.3
4986,3615075.948
4987,5033387.089
4988,4031692.541
4989,68235184.57
4990,4653255.69
4991,19471643.49
4992,208477859.9
4993,15688828.52
4994,104839418.7
4995,739941.505
4996,22958845.75
4997,93426748
4998,15504347.01
4999,86082631.02
5000,156524532.1
5001,200073775.8
5002,172213818
5003,113747281
5004,40413351.63
5005,75197768.57
5006,303831990
5007,45941286.36
5008,341137753.1
5009,52024173.52
5010,6898397.999
5011,12241551.75
5012,75654108.69
5013,36142346
5014,43707188.35
5015,18700767.66
5016,177703569
5017,14735467.35
5018,30460995.2
5019,90213519.27
5020,30545600.07
5021,809258.423
5022,66863599.35
5023,36679404.37
5024,148532438.9
5025,5703522.795
5026,176349823.1
5027,60525368.27
5028,114432682.8
5029,73668220.8
5030,32854649.21
5031,6052836.177
5032,153400583.8
5033,13187374.95
5034,8344234.75
5035,1412271.756
5036,12066268.61
5037,73542512.5
5038,377497122.2
5039,8304799.672
5040,106892465.3
5041,32323817.73
5042,8086686.041
5043,76339191.41
5044,133333267.9
5045,5348641.543
5046,7041700.41
5047,2434377.894
5048,2707903.17
5049,111108840.6
5050,2792733.827
5051,302931493.9
5052,201059286.9
5053,21287426.11
5054,27205807.62
5055,12728062.84
5056,24098767.24
5057,16400517.99
5058,9963661.572
5059,29916718.72
5060,112719950.3
5061,58330310.82
5062,3869053.102
5063,1360994.723
5064,83688875.28
5065,23857805.32
5066,23504292.79
5067,49365418.37
5068,20623950.46
5069,79137757.48
5070,30884510.31
5071,76693795.93
5072,91628871.23
5073,10734875.81
5074,11152303.87
5075,27309793.12
5076,50285481.13
5077,144734933.3
5078,2144389.424
5079,5855094.419
5080,80649188.05
5081,90381610.55
5082,10275398.62
5083,1497794.141
5084,14695459.43
5085,2162036.383
5086,16865957.45
5087,4748724.954
5088,9521354.336
5089,12731346.35
5090,14898714.93
5091,47831817.88
5092,42829415.93
5093,55511136.79
5094,43833346.5
5095,108451712.2
5096,43824750.5
5097,5844066.819
5098,10906312.01
5099,12674690.39
5100,8768188.651
5101,4393871.677
5102,21816994.19
5103,2525586.304
5104,29786669.3
5105,7215455.431
5106,8732295.311
5107,10702370.13
5108,47636685.37
5109,1871154.712
5110,19142215.2
5111,140437976.8
5112,24459349.98
5113,1924709.081
5114,15244954.32
5115,4208066.75
5116,7831785.133
5117,294334604.5
5118,26346203.68
5119,756699.469
5120,1685633.012
5121,73225293.74
5122,65810711.76
5123,58041569.2
5124,13370594.04
5125,11310389.08
5126,30620116.86
5127,37974597.14
5128,1984383.012
5129,4592463.291
5130,41617896.47
5131,22455743.95
5132,68315535.72
5133,216057295.9
5134,132350256.4
5135,221012754.6
5136,4090494.86
5137,116197464.9
5138,29980274.71
5139,161634572.8
5140,211110375.2
5141,39214231.39
5142,116680186.7
5143,86495070.37
5144,94563821.4
5145,17421091.16
5146,8865471.265
5147,5770133.534
5148,14649284.93
5149,10580352.97
5150,352793676.1
5151,428132551
5152,64421248.79
5153,26441841.6
5154,44060250.22
5155,1794602.963
5156,662730110.4
5157,17817084.71
5158,10591644.91
5159,112951383.6
5160,15534987.59
5161,35866486.47
5162,92664696.2
5163,240826594.4
5164,5843017.763
5165,41834011.72
5166,107151108.3
5167,12367646.28
5168,24920163.94
5169,11895771.39
5170,32919222.89
5171,151766843.1
5172,6195000.218
5173,79998554.36
5174,136213716.8
5175,4507858.924
5176,8847974.514
5177,145112118.4
5178,648897554.2
5179,9601996.715
5180,22853104.34
5181,1408110.626
5182,61208914.32
5183,6521986.272
5184,37639205.02
5185,3483129.181
5186,15093900.95
5187,7844308.901
5188,17695974.8
5189,66654239.65
5190,233941487.8
5191,35404411.82
5192,119140394.5
5193,87852477.59
5194,44876938.11
5195,157998296.2
5196,63545394.6
5197,78266563.48
5198,85917904.57
5199,16071640.58
5200,17109676.99
5201,29952393.95
5202,5407481.653
5203,2454539.323
5204,870115.52
5205,13701962.53
5206,25527863.74
5207,11901871.83
5208,18643082.19
5209,103227849.7
5210,43767203.64
5211,22432263.01
5212,17984696.39
5213,70958317.94
5214,543629.929
5215,18250048
5216,95138820.3
5217,9613866.59
5218,21623306.07
5219,22465454.98
5220,57655746.34
5221,4653441.273
5222,6102072.816
5223,191702663.5
5224,351490.647
5225,3830157.533
5226,95897166.73
5227,5826981.995
5228,27113874.84
5229,169976678.2
5230,21023194.33
5231,11210735.98
5232,4215854.939
5233,2665822.259
5234,121624564.8
5235,26677392.31
5236,155714450.2
5237,155054363.7
5238,9212532.88
5239,71657415.23
5240,214020405.9
5241,92056682.57
5242,47051599.4
5243,3112717.559
5244,99436199.33
5245,8169908.45
5246,38900353.23
5247,21345386.34
5248,16079239.13
5249,60614314.88
5250,165631359.1
5251,24059853.41
5252,423311.123
5253,6749694.638
5254,3080156.099
5255,52259064.89
5256,53851502
5257,13741434.33
5258,9862711.942
5259,116369235.6
5260,9434481.318
5261,36586145.37
5262,8620176.227
5263,68734536.45
5264,11283921.41
5265,18339853.85
5266,28195848.86
5267,6570379.271
5268,10935082.18
5269,105301347.8
5270,88702002.45
5271,18276185
5272,90591841.34
5273,3745200.382
5274,47283346.43
5275,36885956.93
5276,12816772.51
5277,5093360.265
5278,24069354.34
5279,11013164.08
5280,25279412.9
5281,18502472.37
5282,13277710.6
5283,567634.002
5284,13463358.65
5285,54651390.01
5286,6421747.352
5287,18749707.73
5288,12956300.72
5289,193651807.3
5290,158422148.8
5291,482256612.3
5292,146487173.4
5293,174120418.5
5294,8234251.317
5295,616843002.1
5296,5348334.813
5297,53000366.62
5298,133515804.2
5299,13582776.02
5300,1662510.715
5301,13388594.5
5302,80093621.63
5303,10439662.68
5304,22645755.91
5305,5695381.927
5306,62320172.49
5307,241246604.9
5308,2282280.302
5309,1116415.381
5310,127366102.5
5311,1517325.608
5312,195025001.4
5313,541054330.3
5314,83712996.43
5315,7110423.006
5316,37823317.8
5317,13103533.57
5318,3606127.039
5319,60453146.62
5320,27773189.95
5321,73929224.3
5322,1629289.145
5323,121953377
5324,32445974.91
5325,15318121.98
5326,17581970.42
5327,84319212.13
5328,49308557.56
5329,11436085.96
5330,116296953.2
5331,15537877.92
5332,3876011.477
5333,40647379.03
5334,36577206.31
5335,7019068.414
5336,19908758.31
5337,3106432.5
5338,63163223.15
5339,56279664.47
5340,40752568.99
5341,140601935.6
5342,108632652.4
5343,41024852.84
5344,112586147
5345,1841941.757
5346,116041199.8
5347,1783482.064
5348,26213045.52
5349,1323534.942
5350,2844549.503
5351,80665745.97
5352,11166178.73
5353,12773763.39
5354,114175753.4
5355,78411740.11
5356,14990609.17
5357,2437991.494
5358,86664006.96
5359,134962857.8
5360,146798335.3
5361,2756037.804
5362,2539171.445
5363,23676652.05
5364,4136482.343
5365,117250232.2
5366,84459877.83
5367,79723012.79
5368,11357946.34
5369,587264130.1
5370,21595853.52
5371,64659822.11
5372,492056288.4
5373,105544532.5
5374,125470285.8
5375,118450510
5376,130983525.2
5377,33421271.1
5378,3114062.783
5379,15595535.66
5380,57030442.02
5381,75583262.74
5382,81291837.26
5383,3352189.955
5384,272738797.3
5385,113206504.4
5386,32595447.37
5387,8593691.89
5388,186965910.3
5389,28601123.13
5390,33685285.42
5391,41990549.3
5392,4393144.834
5393,53656646.5
5394,70016944.05
5395,44448506
5396,260067442.8
5397,3537056.857
5398,17446611.54
5399,7011722.681
5400,5833146.454
5401,227245839
5402,95039411.34
5403,64413063.99
5404,2341712.58
5405,104100308.2
5406,3768838.238
5407,240426546.9
5408,480703917.8
5409,127380271.7
5410,5153615.5
5411,38497257.36
5412,412697.347
5413,8049491.253
5414,129739707.5
5415,102051854.4
5416,35398647.22
5417,112774384.7
5418,1897499.592
5419,2987275.633
5420,73877054.37
5421,41782475.78
5422,67551582.33
5423,218795753.7
5424,203588646
5425,29606728.08
5426,38947769.79
5427,11320362.23
5428,9183416.207
5429,86849019.4
5430,138980448.1
5431,103305892.4
5432,141970633
5433,62103765.32
5434,52738891.08
5435,15019347.62
5436,47421296.82
5437,64839552.98
5438,19601826.52
5439,8504406.577
5440,73430130.65
5441,3612217.432
5442,123559313.7
5443,95586417.42
5444,109280998.1
5445,58790621.92
5446,87130059.58
5447,9945279.062
5448,15742590.9
5449,141095729.5
5450,10228953.89
5451,33230223.63
5452,3908243.886
5453,195515274.4
5454,97375029.43
5455,7802690.32
5456,8455963.335
5457,45834421.91
5458,6602492.429
5459,13632194.8
5460,1975613.46
5461,1070955.141
5462,3319574.875
5463,803151388.2
5464,1288120.963
5465,38717011.63
5466,200130438.7
5467,63664041.11
5468,107714123.4
5469,1001028.065
5470,319343584.3
5471,131826312.4
5472,94736993.95
5473,20243684.87
5474,25658258.87
5475,22821296.95
5476,9496930.534
5477,7839290.535
5478,97367386.32
5479,118447865.9
5480,26344806.33
5481,5907545.121
5482,42265985.34
5483,39008223.46
5484,93278467.14
5485,9379158.904
5486,39776424.4
5487,330425487.9
5488,90344408.71
5489,43898621.42
5490,21195381.96
5491,222146657.4
5492,29615073.35
5493,17252648.76
5494,1268721.475
5495,21257812.52
5496,81473171.55
5497,37150108.51
5498,1309557.366
5499,90896785.51
5500,47422367.8
5501,9873971.137
5502,12463784.68
5503,22463656.31
5504,75131071.36
5505,11630084.03
5506,418298844.3
5507,68893568.54
5508,128737263.1
5509,121503317.7
5510,45455315.78
5511,12650834.13
5512,125217873.2
5513,2984962.599
5514,27204837.91
5515,9406730.912
5516,3969564.904
5517,328103324.2
5518,22792667.38
5519,172729741.7
5520,4402529.648
5521,61374544.75
5522,624946.983
5523,413339311.5
5524,321625201.4
5525,66402950.9
5526,19446785.46
5527,1929276.124
5528,82369079.5
5529,4607430.152
5530,297031816.9
5531,456259.58
5532,7970351.458
5533,114062177.2
5534,398140711.8
5535,10907994.74
5536,5540782.84
5537,17133198.19
5538,17459776.46
5539,219346960.8
5540,38471233.1
5541,151101484.5
5542,6255900.486
5543,19590326.89
5544,91798807.93
5545,2334336.836
5546,18438737.21
5547,17573633.34
5548,31786093.26
5549,68759641.61
5550,35748886.93
5551,21068651.99
5552,88808891.4
5553,50582977.06
5554,15780773.88
5555,46030369.75
5556,25323545.15
5557,23311218.53
5558,554995547.1
5559,3646485.211
5560,10849575.11
5561,38124857.96
5562,90178415.49
5563,1674838.572
5564,4776692.483
5565,16436499.9
5566,8479841.793
5567,21241345.71
5568,73842276.15
5569,71226822.42
5570,41164644.58
5571,90651300.08
5572,1455743.523
5573,174097951.8
5574,12312464
5575,156315533.2
5576,67329874.57
5577,30494089.25
5578,8837402.658
5579,12150793.1
5580,4466696.503
5581,28463630.29
5582,52283022.75
5583,87176737.5
5584,57787421.02
5585,13884973.3
5586,3283558.237
5587,21011322.12
5588,118458936.2
5589,93769059.43
5590,3797761.552
5591,21348804.08
5592,5444142.257
5593,56278920.41
5594,7539325.629
5595,41228519.23
5596,171658803.5
5597,12938260.43
5598,38822053.14
5599,14174650.59
5600,8727241.442
5601,67778625.63
5602,107562744.4
5603,11977491.12
5604,86817894.32
5605,164754327.5
5606,107648666
5607,37140956.56
5608,141687429
5609,28447879.34
5610,31883652.56
5611,58542200.1
5612,522204350.3
5613,34674835.26
5614,21627162.09
5615,52533123.64
5616,10344837.72
5617,364315954.6
5618,41450984.41
5619,70437940.78
5620,10389346.76
5621,68248695.34
5622,37299563.88
5623,66773549.52
5624,493589141.6
5625,2194226.349
5626,5560574.659
5627,109203556.1
5628,58730801.35
5629,271766263.2
5630,17162339.09
5631,68821921.47
5632,62578423.78
5633,27728242.08
5634,43200504.16
5635,84973508.79
5636,3786901.877
5637,15059901.88
5638,75116705.49
5639,7913118.016
5640,7905801.022
5641,111923660.1
5642,18204789.77
5643,21844315.93
5644,566045732.3
5645,264437807.2
5646,11795245.99
5647,55943298.06
5648,54413067.9
5649,1672413.307
5650,156419505.5
5651,37408253.58
5652,6660620.631
5653,163589227.1
5654,119351733.9
5655,88227269.52
5656,742017630.1
5657,14931640.43
5658,17405363.11
5659,41358108.69
5660,137436106.4
5661,34453919.37
5662,276841855
5663,40540482.35
5664,11095671.7
5665,79767624.13
5666,16110341.99
5667,24111355.47
5668,9259085.47
5669,12282633.84
5670,499956711.7
5671,26605640.62
5672,13896854.37
5673,112918643.6
5674,34272572.7
5675,4332348.293
5676,2710964.645
5677,63694734.16
5678,134233624.2
5679,5324854.795
5680,25949368.88
5681,871332180.1
5682,3064888.493
5683,477830349.9
5684,120082635.3
5685,38762254.96
5686,4963643.832
5687,97612835.84
5688,17620075.19
5689,38738364.12
5690,16127630.87
5691,65689123.22
5692,485102753.8
5693,33573376.47
5694,107522569
5695,3788884.443
5696,61873976.33
5697,2006648.227
5698,17600717.89
5699,3228386.608
5700,88881769.47
5701,12911282.37
5702,38742206.66
5703,93266968.62
5704,37699983.12
5705,21927731.34
5706,3602576.952
5707,55964166.42
5708,42223743.41
5709,10630513.62
5710,22980624.94
5711,28825108
5712,148898834.8
5713,10379694.44
5714,12298703.44
5715,29582067.98
5716,548956.114
5717,23388430.05
5718,13259368.81
5719,46968805.57
5720,32783680.85
5721,100786110
5722,10893660.01
5723,28566294.7
5724,10514258.7
5725,1014461.5
5726,73862726.99
5727,163825854.5
5728,73722556.04
5729,475321996.3
5730,14583024.67
5731,1831730.252
5732,18090296.58
5733,7834471.417
5734,43567227.7
5735,23338961.24
5736,107074050.3
5737,59907225.03
5738,102705777.5
5739,10564046.79
5740,57723918.68
5741,127101356.2
5742,65222376.88
5743,45580665.09
5744,948971.834
5745,20949716.87
5746,37954284.59
5747,3913881.025
5748,116667512.4
5749,77423231.14
5750,88879187.52
5751,105061489
5752,6038957.445
5753,321762395.7
5754,26966055.13
5755,94050590.15
5756,28557327.75
5757,33698891.33
5758,761264.486
5759,43464409.2
5760,10919498.9
5761,3052563.547
5762,102295066.6
5763,133938747.9
5764,11139129.64
5765,26544821.53
5766,75111020.7
5767,47980004.18
5768,28495781.73
5769,292758193.6
5770,8354253.922
5771,39546501.1
5772,19312195.15
5773,325860649.8
5774,80296886.16
5775,39101072.34
5776,15868817.77
5777,140475518.7
5778,121168258.6
5779,216048939.7
5780,6125835.63
5781,114529070.1
5782,60235618.24
5783,87163840.07
5784,6933330.829
5785,89932462.2
5786,9146338.782
5787,117942539.7
5788,4387876.549
5789,39906823.84
5790,114308387.2
5791,120121203.4
5792,16118249.18
5793,38155935.12
5794,82802408.19
5795,103791516.1
5796,31556494.29
5797,73527017.68
5798,2068794.245
5799,234799589.3
5800,848515.188
5801,23640580.72
5802,2166709.038
5803,5193158.955
5804,266804502.4
5805,18241010.92
5806,35799354.43
5807,47575601.41
5808,54816045.59
5809,19569259.92
5810,956014.109
5811,8461989.168
5812,64254509.53
5813,148744891.9
5814,9033117.416
5815,6256435.53
5816,16981501.76
5817,5141582.887
5818,20655714.66
5819,41127249.1
5820,13428566.75
5821,1755961.1
5822,649329.889
5823,75311673.96
5824,47478793.52
5825,73875644.49
5826,14716777.18
5827,15909022.84
5828,418402586.4
5829,94123868.27
5830,59390613.57
5831,90200406.57
5832,40044796.37
5833,50040231.44
5834,12535195.52
5835,714430.282
5836,111718770.6
5837,55562361.91
5838,1921082.525
5839,108908894.7
5840,5681219.325
5841,116684490.1
5842,75027371.98
5843,16308419.67
5844,7639845.252
5845,10331581.61
5846,6387333.041
5847,99003035.27
5848,43042549.61
5849,33113686.98
5850,39953907.47
5851,7298693.872
5852,14303937.03
5853,43617148.11
5854,27979532.82
5855,138056468.3
5856,39961207.22
5857,677355628.8
5858,1580679.553
5859,40661089.49
5860,111258751.1
5861,2040068.928
5862,53157967.26
5863,82661652.52
5864,449774758.4
5865,25124269.3
5866,15462414.66
5867,35284028.61
5868,53919715.78
5869,9508806.466
5870,3958373.696
5871,225168824.7
5872,174612385.6
5873,19112386.7
5874,1803617.154
5875,70881271.87
5876,54995175.27
5877,5437853.982
5878,116807985.9
5879,13312537.25
5880,84883148.34
5881,93020563.14
5882,301425033.1
5883,15620798.15
5884,90113098.59
5885,12378132.05
5886,14936900.13
5887,7434684.48
5888,44812551.59
5889,5445518.282
5890,31013228.68
5891,38480118.86
5892,25285642.35
5893,7252568.4
5894,121557942.7
5895,23921033.57
5896,143462993.5
5897,5407179.162
5898,76288883.38
5899,6838412.033
5900,15010379.35
5901,80371.736
5902,30529108.74
5903,105282368
5904,90675591.84
5905,55543164.18
5906,84038783.46
5907,2576319.868
5908,51908698.94
5909,33490934
5910,102832934.1
5911,10743390.13
5912,272823680.9
5913,59813800.23
5914,11945511.04
5915,22347195.11
5916,73780677
5917,207266563.5
5918,111283205.4
5919,94383444.41
5920,13952231.83
5921,54875448.42
5922,66238156.06
5923,40404646.34
5924,5678746.22
5925,451263859.3
5926,6778846.922
5927,5821914.273
5928,95304798.22
5929,2454021.484
5930,92207475.57
5931,40063919.66
5932,6276367.205
5933,14345483.62
5934,167195385.1
5935,208020491
5936,105466031.4
5937,6077066.842
5938,14789623.23
5939,20816263.06
5940,104637455.9
5941,13303532.2
5942,92406142.79
5943,7751919.75
5944,49752688.49
5945,19234879.35
5946,2279278.849
5947,2293043.271
5948,147020985.7
5949,12560898.61
5950,130277516.6
5951,64420461.14
5952,4317005.184
5953,146608281.3
5954,25526727.82
5955,28517689.25
5956,97724670.87
5957,53657890.25
5958,83797902.09
5959,8035638.411
5960,18896442.18
5961,13575492.63
5962,7270126.576
5963,70095313.33
5964,74889171.53
5965,65608660.28
5966,74399109.23
5967,432882431.3
5968,58338640.77
5969,52862450.55
5970,26668186.9
5971,9486356.43
5972,27835597.15
5973,113727199.4
5974,5060624.235
5975,51052660.84
5976,1762328.128
5977,6105794.965
5978,825512381.3
5979,11322831.77
5980,212322704.6
5981,8636259.278
5982,155528081.9
5983,6197495.076
5984,32868367.33
5985,73532728.87
5986,3616216.986
5987,16243106.26
5988,54384489.96
5989,706230.358
5990,126383970.9
5991,5458921.346
5992,57304398.07
5993,23562196.93
5994,3535878.001
5995,25918268.96
5996,52780173.74
5997,25075143.09
5998,365400499.4
5999,5438352.778
6000,20722290.23
6001,15694926.05
6002,3968806.757
6003,463693363
6004,81215118.74
6005,51815516.63
6006,24438782.92
6007,7047525.768
6008,21331999.47
6009,91387050.83
6010,59419404.24
6011,63746977.75
6012,26064424.53
6013,252596040.6
6014,10065190.42
6015,25295406.21
6016,44217927.03
6017,4798751.155
6018,70218559.16
6019,4900469.727
6020,10967818.67
6021,14731882.72
6022,7570702.737
6023,69454117.7
6024,4095515.554
6025,16440137.78
6026,167287679
6027,45292231.53
6028,80353479.23
6029,17711738.83
6030,314708526.9
6031,64463716.11
6032,2032938.276
6033,59485359.83
6034,6200599.361
6035,393313932.3
6036,4491300.819
6037,3031250.14
6038,514721.477
6039,14840333.66
6040,34475035.18
6041,302269489.2
6042,166780.755
6043,189616959.5
6044,9909235.594
6045,35412421.44
6046,2833719.541
6047,14924722.01
6048,34381166.93
6049,6436587.82
6050,3055990.095
6051,1351239.457
6052,71756858.03
6053,1936246.266
6054,12498892.87
6055,6753683.827
6056,32511178.37
6057,3225080.987
6058,38412615.14
6059,129478006.1
6060,55622657.49
6061,93958033.82
6062,6861364.884
6063,116899008.9
6064,13134781.07
6065,96345455.37
6066,59892903.53
6067,105952384.5
6068,1213523.43
6069,183473404.4
6070,210832250.8
6071,10584001.39
6072,26117163.78
6073,30432317.97
6074,3990729.325
6075,11287009.42
6076,82894141.69
6077,19438200.15
6078,102613736.3
6079,458042928.2
6080,2946309.162
6081,2078009.872
6082,10737693.05
6083,127052632.7
6084,26592848.35
6085,40045695.41
6086,8444749.268
6087,91126202.93
6088,19414199.91
6089,17881731.22
6090,282597148.6
6091,2620307.18
6092,8484695.891
6093,23827845.53
6094,151107633.3
6095,278026195.6
6096,22521476.11
6097,51697373.27
6098,41001008.03
6099,28928821.58
6100,66157030.23
6101,213898721.2
6102,101728305.7
6103,87458908.65
6104,3885556.633
6105,12413570.15
6106,33807177.89
6107,468339.633
6108,67392958.12
6109,16771120.7
6110,81930182.51
6111,4400390.702
6112,1311150.878
6113,8621405.752
6114,98763121.43
6115,185763444.2
6116,1113677.671
6117,66152799.25
6118,114791844.8
6119,84563941.21
6120,69408215.52
6121,10309311.78
6122,110116211.6
6123,767823.503
6124,10691041.81
6125,15798074.69
6126,9064066.793
6127,8940458.513
6128,279359802
6129,13826916.76
6130,7052709.18
6131,14666290.11
6132,1373557.469
6133,17365961.25
6134,79929538.68
6135,43979586.87
6136,596429631.8
6137,150109986.9
6138,9682191.017
6139,968226427.1
6140,5493411.335
6141,46898423.36
6142,6084302.417
6143,25563059.44
6144,17299979.17
6145,21787539.62
6146,28975500.2
6147,99751737.82
6148,10114155.76
6149,94875049.58
6150,398742919
6151,26090499.01
6152,917065448.3
6153,11442349.71
6154,2684690.06
6155,127368235.5
6156,18320668.22
6157,23490032.65
6158,78079504.8
6159,27112781.6
6160,35342666.34
6161,29202856.36
6162,16659135.69
6163,12956595.4
6164,10715161.53
6165,82629432.82
6166,56205028.79
6167,17032990.27
6168,29088048.41
6169,88366871.31
6170,18573052.82
6171,30751680.62
6172,6766918.212
6173,34054074.93
6174,55605632.16
6175,8306777.222
6176,45538895.45
6177,108286612.7
6178,3041520.424
6179,166917886.5
6180,53087865.99
6181,15086696.18
6182,455002861.5
6183,17994220.85
6184,676020694.8
6185,41438702.66
6186,13341921.95
6187,15347962.36
6188,22920812.07
6189,21018617.42
6190,132472547.6
6191,11304121.22
6192,103401046.5
6193,45273672.65
6194,3905670.142
6195,5210773.575
6196,95615690.1
6197,3148980.339
6198,120223553.9
6199,694827902.7
6200,6347191.294
6201,6412950.808
6202,114427489.2
6203,582645232.1
6204,3042828.168
6205,5788567.793
6206,62691064.1
6207,62849713.16
6208,80620990.43
6209,2491583.707
6210,3229135.926
6211,84878887.76
6212,23094301.85
6213,81595944.31
6214,12372026.7
6215,32675013.8
6216,31435376.29
6217,882562.905
6218,18541368.77
6219,30262537.96
6220,1904687.022
6221,24107457.92
6222,12496967.05
6223,67127617.47
6224,76320560.62
6225,101911208.6
6226,10159087.5
6227,13897789.69
6228,3741171.586
6229,7105266.169
6230,2031464.289
6231,78047592.88
6232,7536890.227
6233,136039153.9
6234,40368841.29
6235,68886618.1
6236,28502191.76
6237,11807215.57
6238,1813830.566
6239,136360442.7
6240,304197858.1
6241,2048677.22
6242,42109199.99
6243,16383252.66
6244,58523534.47
6245,11505930.56
6246,4028337.444
6247,673040403.3
6248,14051508.05
6249,17301779.59
6250,34742986.24
6251,84287956.73
6252,36233266.5
6253,15699757.44
6254,153451516.6
6255,10616382.3
6256,12620579.49
6257,85995652.89
6258,3165379.65
6259,4245281.252
6260,4508005.238
6261,101071308
6262,15221986.96
6263,71704118.79
6264,10205325.18
6265,9685451.48
6266,4170637.619
6267,145060674
6268,1804921.844
6269,190553112.8
6270,95504063.22
6271,333919092.4
6272,4555066.945
6273,67302263.83
6274,259020350.2
6275,26398412.23
6276,22923358.93
6277,28761894.99
6278,10748776.18
6279,83829635.81
6280,38012327.29
6281,12764331.05
6282,319971040.3
6283,28376334.48
6284,125633598
6285,53698390.32
6286,1670555.086
6287,25175571.68
6288,124599070.4
6289,170086111.3
6290,2399042.259
6291,51387404.71
6292,139992188.4
6293,238361572.8
6294,5622798.565
6295,349229185.4
6296,9989144.405
6297,48368194.76
6298,3367063.49
6299,1777374.994
6300,123517171.2
6301,35099438.87
6302,11232757.83
6303,19465526.13
6304,16110359.28
6305,186492148
6306,55812673.86
6307,7008745.206
6308,11370216.6
6309,2118785.706
6310,52658312.27
6311,6453848.761
6312,11730713.56
6313,66392686.85
6314,33939479.66
6315,6167697.957
6316,39275266.27
6317,131819440.1
6318,58218230.24
6319,74322395.29
6320,4890572.237
6321,227330476.1
6322,30169191.77
6323,27281115.72
6324,3946028.747
6325,194404075.8
6326,11145237.72
6327,41505644.43
6328,33308776.46
6329,15971337.66
6330,4656640.184
6331,111536341
6332,13880147.67
6333,28460528.23
6334,5021143.659
6335,69326977.55
6336,48423871.39
6337,82252796.1
6338,1535028.94
6339,34865239.14
6340,3600040.859
6341,19213891.76
6342,15026481.92
6343,58491941.61
6344,64103406.58
6345,2021805.772
6346,155783100.6
6347,62376945.85
6348,54958006.8
6349,56733510.62
6350,1088094.382
6351,140420628.6
6352,104183672.3
6353,21430897.46
6354,3033687.751
6355,91808.149
6356,16209938.35
6357,12811698.92
6358,7957577.868
6359,7803926.422
6360,10095620.57
6361,258244454.7
6362,25851840.07
6363,23394957.81
6364,5673393.18
6365,224234672.4
6366,16297724.91
6367,13230872.89
6368,40429089.94
6369,14173525.05
6370,110069062.5
6371,21037201.69
6372,34045257.23
6373,12330209.63
6374,18748940.16
6375,156141416.5
6376,17644946.07
6377,4254242.783
6378,8880768.587
6379,270664354.9
6380,25832797.71
6381,607287319.1
6382,70862411.87
6383,63136835.93
6384,78973509.33
6385,28050195.83
6386,255969187.7
6387,19965000.95
6388,5018334.873
6389,34140732.32
6390,99248333.02
6391,3537133.417
6392,20211029.44
6393,162260903.3
6394,334183118.4
6395,3044505.822
6396,2311039.832
6397,5170934.467
6398,28101906.08
6399,9509977.25
6400,17148848.4
6401,2103756.171
6402,9304868.364
6403,3961273.984
6404,46330699.08
6405,2497316.624
6406,8815429.896
6407,30075143.19
6408,46885760.17
6409,100554711.5
6410,23613479.61
6411,3470181.852
6412,6627705.388
6413,16348378.03
6414,542945072.7
6415,5545511.195
6416,8064397.946
6417,91432040.59
6418,59478932.24
6419,32073144.34
6420,48846078.77
6421,58351286.06
6422,1091002.357
6423,13034617.24
6424,69049007.87
6425,57020852.22
6426,16217690.28
6427,1139449.943
6428,3304935.193
6429,43991974.9
6430,70486792.44
6431,172153610
6432,103514841.4
6433,59202673.32
6434,23530024.56
6435,124985167.1
6436,73280972.38
6437,7646410.414
6438,26156579.99
6439,16735659.55
6440,65779542.81
6441,17380186.3
6442,9273087.507
6443,66980227.36
6444,1076158.348
6445,387209503.1
6446,331558415.5
6447,35334703.62
6448,3632073.589
6449,16376402.68
6450,21229227.98
6451,33609115.46
6452,48574037.56
6453,85599681.34
6454,53430064.7
6455,17413027.55
6456,7908485.631
6457,135011877.1
6458,5184757.326
6459,24279743.84
6460,96077777.96
6461,229523663.6
6462,158396393.7
6463,4099383.85
6464,33805060.8
6465,42272239.17
6466,25164043.46
6467,11182760.66
6468,3928067.375
6469,9892431.621
6470,4561265.239
6471,3846388.62
6472,19035105.63
6473,26629704.58
6474,9236937.606
6475,4266110.051
6476,275270996.9
6477,59766272.56
6478,17537350.46
6479,312598943.9
6480,53179179.58
6481,25892052.82
6482,3388197.79
6483,13039492.25
6484,175186708.9
6485,114188443.5
6486,1338354.752
6487,82146990.07
6488,62486172.95
6489,2486373.824
6490,4969058.604
6491,15744415.46
6492,20545916.64
6493,12479800.12
6494,158838226.4
6495,19249475.75
6496,296027480.7
6497,279566206.7
6498,42915088.48
6499,25282549.63
6500,3155647.937
6501,5495578.945
6502,113290505.7
6503,26418475.19
6504,13271204.84
6505,22860933.88
6506,16025305.68
6507,9817753.997
6508,100357073.8
6509,9801176.924
6510,6030284.903
6511,27764191.4
6512,17587213.96
6513,27810241.21
6514,8555979.98
6515,384181433.9
6516,37264900.33
6517,9780218.174
6518,28416416.08
6519,90301491.3
6520,8718394.41
6521,249741243.7
6522,61123472.17
6523,65994994.91
6524,30339685.73
6525,92512395.7
6526,320269713.5
6527,2362864.508
6528,7692801.479
6529,15522431.35
6530,73742369.7
6531,9742126.887
6532,10900510.13
6533,9080256.198
6534,534156361.1
6535,18962485.64
6536,53481873.61
6537,67605948.49
6538,53428356.28
6539,171800808.1
6540,129105423.4
6541,121342174.9
6542,45994463.93
6543,1656895.799
6544,16119607.43
6545,13051194.86
6546,317713762
6547,2921482.786
6548,44493669.77
6549,79607314.81
6550,42023393.06
6551,53952554.94
6552,12645032.37
6553,494875.231
6554,23155240.61
6555,39791013.29
6556,67808009.59
6557,29661641.74
6558,99854409.46
6559,68908743.06
6560,322009595.1
6561,3556888.739
6562,96890057.66
6563,18387514.39
6564,12430228.59
6565,37463367.23
6566,71082730.47
6567,79182820.95
6568,33708681.65
6569,3089692.935
6570,73778528.73
6571,20242449.66
6572,1041407.064
6573,31139354.84
6574,36456413.34
6575,12737293.22
6576,20087979.79
6577,14162414.4
6578,34162591.11
6579,22431625.83
6580,2187803.045
6581,67242607.02
6582,3373930.653
6583,2041917.69
6584,1494055.54
6585,66078184.96
6586,44316520.2
6587,52920162.68
6588,4255820.987
6589,58537748.99
6590,146402248.7
6591,37982336.59
6592,137282841.5
6593,69075936.05
6594,68865494.15
6595,1466379.456
6596,165996787.9
6597,15888798.21
6598,30672016.9
6599,21924268.46
6600,28010675.3
6601,57062746.82
6602,559254719.1
6603,70460777.76
6604,22234326.5
6605,139973070.2
6606,13937836.2
6607,63744268.57
6608,416125.891
6609,5942867.288
6610,19882914.14
6611,21093923.96
6612,793912181.6
6613,59350119.3
6614,279785172.3
6615,2995605.234
6616,161987117.2
6617,91263037.37
6618,38576683.29
6619,19890328.74
6620,43069751.48
6621,95942353.56
6622,89219961.45
6623,251569790.9
6624,165773361.2
6625,147477496.3
6626,41939629.5
6627,77169326.58
6628,10812944.08
6629,17051862.24
6630,15266644.67
6631,4943502.001
6632,3953201.082
6633,12618898.06
6634,12534761.94
6635,5487379.775
6636,164802143.1
6637,81100530.94
6638,990037.169
6639,8244364.426
6640,54157928.04
6641,200020742.9
6642,230360255.5
6643,6783174.345
6644,4969270.884
6645,54330628.29
6646,67091315.29
6647,4648110.706
6648,48236851.53
6649,9328025.16
6650,9338453.384
6651,33592675.6
6652,5343209.402
6653,47437893.38
6654,160064795.1
6655,66399567.38
6656,24005661.88
6657,123953479.3
6658,6924698.179
6659,3261368.822
6660,1285526.278
6661,4088555.041
6662,29123392.85
6663,503074216
6664,42783244.13
6665,1546194.925
6666,19194494.6
6667,135757453.7
6668,31302423.8
6669,57585100.61
6670,3479027.48
6671,27499974.16
6672,46959613
6673,105704583.3
6674,458078687.3
6675,86665848.83
6676,11770549.68
6677,2578807.889
6678,13464144.33
6679,368192162
6680,50876007.95
6681,667586968.7
6682,30796654.21
6683,51774553.55
6684,1405470.177
6685,26498002.78
6686,17623811.44
6687,102914489.5
6688,31930023.51
6689,108990368.2
6690,259657806.8
6691,17715798.63
6692,605503104.3
6693,83432588.73
6694,62916918.15
6695,30725061.91
6696,71253968.86
6697,16350659.56
6698,8009203.617
6699,337126091
6700,202330710.9
6701,93379842.57
6702,74041041.75
6703,9472667.895
6704,8016797.63
6705,45017334.76
6706,63057843.44
6707,29955882.64
6708,15438342.57
6709,5564101.606
6710,68388752.22
6711,27922743.21
6712,92234196.27
6713,14927426.83
6714,3203295.2
6715,12489964.73
6716,22117033.48
6717,309288722.2
6718,26730019.37
6719,39210473.88
6720,3300536.244
6721,96421655.62
6722,10437021.84
6723,117972299.6
6724,62889511.92
6725,6401176.01
6726,101291645.4
6727,23624619.17
6728,10147801.78
6729,25739499.49
6730,74165219.15
6731,4856582.452
6732,2843293.26
6733,115943951.1
6734,17396848.6
6735,119159898.9
6736,1449402.637
6737,11030037.17
6738,6214695.739
6739,7409407.879
6740,335832.325
6741,3209574.665
6742,25996790.06
6743,84925400.37
6744,13797798.67
6745,10458407.42
6746,55864233.19
6747,34610168.08
6748,1496668.269
6749,4206306.642
6750,2724622.257
6751,11812783.94
6752,107192623
6753,17893666.05
6754,96493514.01
6755,10190252.99
6756,216057173.9
6757,93945140.38
6758,18707544.11
6759,85000648.8
6760,30114929.62
6761,26318451.14
6762,2091802.247
6763,26009390.62
6764,12948203.66
6765,156497829.9
6766,1927206.736
6767,44993400.9
6768,195101112.1
6769,21110127.35
6770,60704740.68
6771,15460594.95
6772,7116088.876
6773,33360560.48
6774,272331385.9
6775,361515381.7
6776,2559727.323
6777,62825046.07
6778,52528513.48
6779,18511400.19
6780,90049075.38
6781,12142809
6782,105752285.3
6783,42311392.11
6784,1920499.241
6785,71930747.78
6786,4745423.819
6787,17542343.15
6788,3977538.793
6789,13107469.11
6790,13894752.33
6791,44721610.15
6792,355513428.6
6793,60431572.34
6794,37026294.48
6795,5154282.946
6796,612220494.6
6797,40216948.44
6798,68995125.83
6799,11714918.72
6800,153122841.7
6801,397896510.5
6802,25179260.11
6803,275934604.2
6804,19763271.73
6805,41045751.76
6806,12418796.92
6807,66430530.32
6808,7167289.534
6809,65265483.18
6810,11982619.9
6811,62800085.23
6812,20536997.62
6813,91963725.7
6814,6079762.026
6815,9483200.994
6816,19024643.89
6817,353970.247
6818,4835405.05
6819,102437158.3
6820,79998050.96
6821,20696096.31
6822,13469900.4
6823,26829016.42
6824,258601345.3
6825,45114664.91
6826,14771827.73
6827,19374646.61
6828,2014816.4
6829,2143457.772
6830,10141200.31
6831,80278831.6
6832,34176237.74
6833,53965260.71
6834,10994999.87
6835,134606875.6
6836,6964031.726
6837,186458241.5
6838,13341762.53
6839,8855279.277
6840,33681361.95
6841,20589864.02
6842,28462207.21
6843,8205443.167
6844,79184845.3
6845,17824525.56
6846,52671384.21
6847,4367255.675
6848,17308924.02
6849,39908531.59
6850,82675281.72
6851,174979294.4
6852,20639593.4
6853,48038078.37
6854,75066626.29
6855,61275394.15
6856,1158618.152
6857,26043350.14
6858,12999212.35
6859,90452490.81
6860,21778917.38
6861,26953898.21
6862,54516849.26
6863,223485570.8
6864,14601181.08
6865,7959256.301
6866,91753883.87
6867,48626534.55
6868,971741644.6
6869,35257616.6
6870,2237376.142
6871,56806025.77
6872,1295495.598
6873,46441514.65
6874,54886217.99
6875,16758853.51
6876,75600100.51
6877,18817859.42
6878,5603935.287
6879,13408000.78
6880,15177281.37
6881,4212813.817
6882,95035032.31
6883,62904617.41
6884,82120796.21
6885,30358359.75
6886,2754323.51
6887,60783849.74
6888,70262719.93
6889,5582662.372
6890,24223968.92
6891,37218183.64
6892,232309233.6
6893,136120689.2
6894,39600956.95
6895,15543925.5
6896,3305458.82
6897,2362027.485
6898,21479762.89
6899,11665137.46
6900,76056610.36
6901,61946477.55
6902,5027912.117
6903,27559827.71
6904,143441348
6905,43748066.91
6906,137992089.5
6907,22971435.43
6908,12132764.54
6909,8156763.708
6910,36482826.95
6911,16472043.04
6912,21249532.25
6913,341944964.7
6914,261197241.8
6915,22291671.89
6916,25689196.87
6917,976516943.9
6918,97986449.55
6919,4608940.713
6920,142767767.7
6921,291649783.1
6922,30153464.94
6923,20361216.83
6924,14143766.6
6925,41441164.87
6926,21477873.58
6927,855720.071
6928,66382183.88
6929,84783568
6930,167720847.6
6931,45211237.46
6932,9349729.612
6933,13075938.85
6934,137148943.4
6935,2518042.19
6936,20343448.14
6937,251781926.4
6938,6851634.142
6939,14214141.19
6940,183931763.3
6941,92014622.63
6942,19867657.41
6943,7497207.172
6944,176518715.6
6945,15805757.23
6946,102484462
6947,7551954.925
6948,24900523.48
6949,84355589.57
6950,358085087.1
6951,2384167.641
6952,19867676.29
6953,20089422.13
6954,31259701.55
6955,38702702.47
6956,21632152.93
6957,4364760.003
6958,2592308.724
6959,3984954.057
6960,68125393.94
6961,62127544.32
6962,154430173.8
6963,29934283.27
6964,44962978.24
6965,10000248.57
6966,57203377.43
6967,147205061.6
6968,2990718.356
6969,6216579.79
6970,16662244.5
6971,193000965.7
6972,2508212.587
6973,39683558.7
6974,54616248.59
6975,21722544.29
6976,34128632.48
6977,6458090.185
6978,7172837.929
6979,105103562.9
6980,21340464.28
6981,1347587.663
6982,62735936.8
6983,7677830.5
6984,111655592.7
6985,264030357.9
6986,26239876.14
6987,4052626.467
6988,18593796.99
6989,17732564.54
6990,299433385.2
6991,2093419.893
6992,8557335.856
6993,1246096.137
6994,1883057.372
6995,42955172
6996,85951714.57
6997,629540.129
6998,11414251.68
6999,92809049.03
7000,2315077.095
7001,9368798.796
7002,10654507.33
7003,12729259.31
7004,105654041.5
7005,17249702.19
7006,3545113.157
7007,10822236.3
7008,99649297.83
7009,8448234.077
7010,17317222.27
7011,15318248.98
7012,5970654.173
7013,6550027.13
7014,5577755.354
7015,147483022.8
7016,277070742.6
7017,30661919.78
7018,12428771.11
7019,63324426.91
7020,54233060.14
7021,22277810.65
7022,16799006.9
7023,37509590.52
7024,21156147.19
7025,3875198.28
7026,262200245.9
7027,63228278.86
7028,7041424.911
7029,47990039.22
7030,74849920.3
7031,132410532.9
7032,38806384.21
7033,10142464.34
7034,11836041.24
7035,14476164.36
7036,8981938.617
7037,27980275.94
7038,14868082.54
7039,152697149.9
7040,22825105.01
7041,47742040.05
7042,95378584.83
7043,9508040.876
7044,62915463.94
7045,25990609.03
7046,91975498.28
7047,275009602.1
7048,9031149.721
7049,79892968.25
7050,2374814.594
7051,18727248.35
7052,92506181.41
7053,15955765.8
7054,91851151.71
7055,128066971.7
7056,251406054
7057,9709567.87
7058,17989285.26
7059,53453017.31
7060,18488354.96
7061,19874984.88
7062,69877834.39
7063,1244239.841
7064,126270179.2
7065,47314355.39
7066,10098625.03
7067,1907550.25
7068,58213286.41
7069,10491298.89
7070,112701649.1
7071,155095030.3
7072,1531200.968
7073,17291093.68
7074,8482723.821
7075,36405075.15
7076,64160002.23
7077,23911104.14
7078,32002759.41
7079,1117381.282
7080,23886352.87
7081,19976853.97
7082,6244205.268
7083,2271789.318
7084,36187565.75
7085,21438398.59
7086,56295665.29
7087,157347820.3
7088,80274197.02
7089,7600045.846
7090,11407100.23
7091,11998180.4
7092,455890356.2
7093,59539061.59
7094,61803038.46
7095,40797037.28
7096,64173454.95
7097,94662548.73
7098,43462202.17
7099,75586852.92
7100,30346334.38
7101,65514197.78
7102,2656029.724
7103,9225906.102
7104,14646437.77
7105,57652369.75
7106,21800846.1
7107,147259676.6
7108,4806850.123
7109,50519179.1
7110,16404438.66
7111,1124163.132
7112,252491712.5
7113,79220736.31
7114,16829811.56
7115,15429550.23
7116,6310578.855
7117,1893610.867
7118,45538070.7
7119,98305531.73
7120,1559199.022
7121,11485416.93
7122,1993364.736
7123,3364989.814
7124,491864762.8
7125,148826992.4
7126,250713853.9
7127,52259030.05
7128,31589729.92
7129,15639384.7
7130,10073988.45
7131,26115917.67
7132,35788991.25
7133,118541812.3
7134,87487852.53
7135,133591087.6
7136,42980363.43
7137,41622831.99
7138,13559805.27
7139,1591251.6
7140,122960898.3
7141,3103008.136
7142,21046371.08
7143,79764992.08
7144,2340817.757
7145,84509511.08
7146,6419286.391
7147,53664261.2
7148,81381371.96
7149,26803006.62
7150,6736179.177
7151,12967521.45
7152,114288609.3
7153,12611332.83
7154,42303725.54
7155,332639132.7
7156,16991481.83
7157,98968713.68
7158,4411997.767
7159,6184707.445
7160,4856098.676
7161,68877912.7
7162,367297024.3
7163,29977353.43
7164,3589072.454
7165,153469315.3
7166,62085616.5
7167,1908053.82
7168,3862298.64
7169,4844298.733
7170,16666572.04
7171,27874107.66
7172,11753238.51
7173,13064569.74
7174,12284053.09
7175,4063563.638
7176,33622783.33
7177,102903446.9
7178,24330637.15
7179,101346382.3
7180,2902271.717
7181,4221112.16
7182,55298929.58
7183,198171.289
7184,1059778183
7185,24797740.72
7186,32689875.58
7187,155414871.4
7188,28552493.03
7189,71071433.65
7190,8585977.983
7191,1766404.618
7192,41315621.23
7193,53525800.23
7194,311963542.7
7195,49712815.99
7196,39808882.53
7197,14934868.34
7198,15774817.25
7199,16931259.05
7200,72175724.1
7201,10461399.65
7202,26710869.63
7203,3958535.223
7204,109446825.6
7205,218659515.1
7206,143964414.9
7207,445320908.6
7208,54443372.02
7209,24473126.35
7210,2737462.339
7211,1621383.114
7212,46528622.34
7213,29130024.34
7214,302230936.4
7215,106713666.5
7216,164350393.6
7217,1917800.426
7218,53675366.44
7219,20162894.47
7220,78222685.85
7221,41570727.98
7222,105135405.9
7223,15082702.2
7224,11817740.46
7225,2553934.096
7226,97116067.29
7227,103081103.1
7228,33141904.82
7229,37771904.51
7230,3605417.783
7231,31411365.57
7232,307721534.9
7233,161759460.7
7234,198552917.1
7235,48403588.9
7236,117564327.7
7237,23857548.03
7238,8045882.428
7239,696295384.9
7240,81877350.84
7241,145565894.9
7242,57656414.01
7243,26765827.51
7244,43588668.36
7245,3257769.665
7246,1995819.109
7247,111101431.2
7248,84354977.1
7249,3095939.578
7250,5100438.951
7251,30706528.63
7252,17596734.89
7253,28781217.42
7254,105343736.2
7255,4265097.876
7256,33401379.33
7257,32277445.34
7258,42180404.53
7259,17361819.03
7260,6650170.015
7261,422538988.3
7262,1820894.086
7263,55276056.09
7264,28986851.06
7265,25128650.59
7266,56202786.08
7267,2853379.506
7268,3355152.25
7269,72832252.2
7270,168730355.9
7271,9400036.244
7272,14781049.32
7273,13698193.18
7274,19667023.6
7275,20800655.65
7276,5681758.527
7277,145300186.3
7278,275484005.1
7279,194256595.6
7280,272027474.9
7281,55922233.87
7282,50574218.48
7283,210689258.2
7284,12386223.57
7285,115927667
7286,151230650.3
7287,12658838.44
7288,16484678.54
7289,80180964.29
7290,32407373.45
7291,49970752.53
7292,2189678.6
7293,24779686.47
7294,19947542.25
7295,56386566.85
7296,5918765.155
7297,88102771.91
7298,7163863.331
7299,1778780.551
7300,7683631.005
7301,63836473.22
7302,3429254.241
7303,1453595.892
7304,37386407.98
7305,17040290.31
7306,398452280
7307,2644711.103
7308,6683411.037
7309,23734957.52
7310,33757519.21
7311,31649397.24
7312,126979820
7313,173107041.1
7314,22329824.74
7315,5134895.524
7316,10397467.72
7317,16142612.11
7318,95570749.6
7319,8281652.052
7320,419219403.1
7321,2513003.862
7322,13764679.82
7323,40592824.69
7324,88594767.25
7325,243831272.1
7326,233141074.6
7327,12811292.39
7328,76611253.73
7329,104679773.5
7330,218131719.7
7331,65911233.21
7332,38789233.62
7333,92871444.7
7334,25138817.31
7335,54475491.87
7336,62309872.62
7337,15170489.26
7338,37031849.85
7339,72724925.38
7340,3293675.842
7341,1961166.417
7342,124198163.2
7343,11687860.83
7344,6515170.922
7345,30988626.18
7346,7166316.048
7347,39913998.86
7348,10883398.26
7349,69780652.36
7350,42547303.99
7351,32134059.03
7352,685761.356
7353,15855532.61
7354,1014864.053
7355,72883393.18
7356,51155635.73
7357,9777089.528
7358,10462491.32
7359,107339605.7
7360,24258828.57
7361,834652.16
7362,185172967.7
7363,756688384.8
7364,2049477.6
7365,62441524.84
7366,54429140.57
7367,11876627.91
7368,50419456.9
7369,74735599.43
7370,85274752.1
7371,4306982.119
7372,120327916
7373,385649964.9
7374,17007921.86
7375,70829986.92
7376,1608417.627
7377,27170425.56
7378,98315567.61
7379,112914360
7380,37453194.89
7381,8998426.13
7382,14844479.77
7383,2422393.504
7384,63718628.55
7385,60654194.73
7386,45323412.68
7387,9008366.456
7388,10008960.61
7389,1489219.548
7390,1614391.49
7391,4683873.434
7392,24945572.59
7393,547860446
7394,155313537.5
7395,43431654.55
7396,61380337.89
7397,98750146.71
7398,9633184.031
